Prompt,Categoría,Orden 1 (texto),Orden 2 (texto)
Siento que,desagradable,que algunos proyectos y evaluaciones escritas. compensa todo el colegio. Se supone que los profesores deberían coordinar mejor las evaluaciones y tengo tiempo para hacer tareas y eso me acuesto,"Siento que no tengo todo el tiempo libre en casa no me queda poco tiempo libre es escaso y cuando lo tengo, solo quiero descansar. mas el trabajo en clase"
Siento que,mixto,"que el colegio pero podrían bajarle un poco mas libre, feliz de estudiar, debemos sentarnos otra vez y a aprender sin sentir demasiada presión. Me gusta tener un rato antes","Siento que no abusen con los talleres de 50 preguntas que pongan tareas, obvio sí pueden, pero sin pasarse del límite. Excederse de páginas no es suficiente para hacer todas"
Siento que,placentero,"que mis amigos de tareas están bien, mi espacio para hacer tareas me pongo atención en el tiempo con mi casa me parece bien, porque no son interesantes, pero también","Siento que esta bien, me siento normal. recordar y comprender mejor. y las evaluaciones son faciles si estudias. siento feliz porque puedo organizar mis responsabilidades. de tareas es adecuada y"
Creo que,desagradable,que hay muchas evaluaciones sorpresa son pasables pero estudio con mi tiempo para el colegio con mis amigos. nunca alcanza el volumen de tareas que paso los viernes para nada,"Creo que hay muchas evaluaciones y eso me genera mucha presión. realizar otras actividades. proyectos en grupo son un enredo, nadie entiende que hay muchas evaluaciones y eso me quita"
Creo que,mixto,"que se vuelve aburrido cuando varios profesores piden entregas el volumen de la mente la escuela, pero aja, se acumula con lo mismo tiempo. tarde en el colegio me siento","Creo que las evaluaciones son importantes, pero deberían ser menos frecuentes. parece mal que coloquen dos exámenes crueles juntos en un mismo día; terminamos uno y comenzamos el otro sin"
Creo que,placentero,que es suficiente para saber si me permiten practicar y con otras pero en la verdad prefiero estar pero el tiempo de disfrutar al mismo día son creativos e interesantes.,"Creo que las evaluaciones son faciles si estudias. explicacion mas profunda. siento super bien, me rio mucho con mis amigos, y en la casa a dormir directo CASA ME SIENTO"
Me gusta la escuela,desagradable,escuela y al tiempo libre. Entre las tareas deberían coordinar mejor distribuidas para mí el mismo tiempo me genera ansiedad porque paso encerrada aca por lo que el colegio y,"la escuela y, cuando llego a la casa ya estoy cansada A veces llego cansado a casa, por lo que casi no tengo. menos uno habla con la gente a"
Me gusta la escuela,mixto,"escuela es poco abrumador. mental es para tener un poco mas comoda en el volumen de tareas es un buen balance entre las evaluaciones son interesantes pero con sueño, con","la escuela me siento bien, aunque siento que no también pero tampoco tan mal, el tiempo en mi casa es horrible ya que nosotros tambien tenemos cosas que hacer en"
Me gusta la escuela,placentero,escuela me da más tiempo. el. En el colegio porque los días. bueno para realizarlas. realizar tareas me queda tiempo con mi casa. Paso sola mejor porque puedo organizar mis,"la escuela es necesario, pero el tiempo que paso en el colegio porque puedo organizar mis responsabilidades. Siento que esta bien solo que se pueda cambiar así que me falta"
